<?xml version = '1.0' encoding = 'UTF-8'?>
<Entity class="oracle.dbtools.crest.model.design.logical.Entity" directorySegmentName="seg_0" id="A749C638-6541-56CA-5DE6-1D931855450D" name="SINISTRE">
<createdBy>rabassa</createdBy>
<createdTime>2018-03-28 16:11:50 UTC</createdTime>
<generatorID>7541729C-60B3-FB49-55D0-9EEF5523C1AF</generatorID>
<ownerDesignName>Practica3_exempleClasse</ownerDesignName>
<engineerTo>
<item key="BD3700D9-F2BE-327A-C7F7-854992D81B33" value="true"/>
</engineerTo>
<adequatelyNormalized>NO</adequatelyNormalized>
<expectedVolumes>0</expectedVolumes>
<fwdEngineeringStrategyName>Single Table</fwdEngineeringStrategyName>
<growthPercent>0</growthPercent>
<growthType>Year</growthType>
<maxVolumes>9999999</maxVolumes>
<minVolumes>0</minVolumes>
<normalForm>Third</normalForm>
<attributes itemClass="oracle.dbtools.crest.model.design.logical.Attribute">
<Attribute name="id sinistre" id="245BBE47-9128-8879-7BCC-5934775C6BB9">
<createdBy>rabassa</createdBy>
<createdTime>2018-03-28 16:11:50 UTC</createdTime>
<generatorID>F2286933-B99B-EF7B-DD85-83BD149B02B2</generatorID>
<ownerDesignName>Practica3_exempleClasse</ownerDesignName>
<engineerTo>
<item key="BD3700D9-F2BE-327A-C7F7-854992D81B33" value="true"/>
</engineerTo>
<useDomainConstraints>false</useDomainConstraints>
<use>1</use>
<logicalDatatype>LOGDT025</logicalDatatype>
<dataTypeSize>7</dataTypeSize>
<ownDataTypeParameters>7,,</ownDataTypeParameters>
</Attribute>
<Attribute name="data sinistre" id="92168D35-F256-3EE3-2EAA-E0C3FD137FF0">
<createdBy>rabassa</createdBy>
<createdTime>2018-03-28 16:11:50 UTC</createdTime>
<generatorID>FAADDB38-03A5-C38F-DCD7-8DF1DBF741CB</generatorID>
<ownerDesignName>Practica3_exempleClasse</ownerDesignName>
<engineerTo>
<item key="BD3700D9-F2BE-327A-C7F7-854992D81B33" value="true"/>
</engineerTo>
<nullsAllowed>true</nullsAllowed>
<useDomainConstraints>false</useDomainConstraints>
<use>1</use>
<logicalDatatype>LOGDT007</logicalDatatype>
<ownDataTypeParameters>,,</ownDataTypeParameters>
</Attribute>
<Attribute name="lloc sinistre" id="3B563168-BD88-4360-E4A1-0B84D2035278">
<createdBy>rabassa</createdBy>
<createdTime>2018-03-28 16:11:50 UTC</createdTime>
<generatorID>645FA1FF-F567-FA83-E02F-655B30653470</generatorID>
<ownerDesignName>Practica3_exempleClasse</ownerDesignName>
<engineerTo>
<item key="BD3700D9-F2BE-327A-C7F7-854992D81B33" value="true"/>
</engineerTo>
<nullsAllowed>true</nullsAllowed>
<useDomainConstraints>false</useDomainConstraints>
<use>1</use>
<logicalDatatype>LOGDT024</logicalDatatype>
<dataTypeSize>100</dataTypeSize>
<ownDataTypeParameters>100,,</ownDataTypeParameters>
</Attribute>
<Attribute name="victimes" id="EEF9F2AE-BBF8-E170-C4AE-FA74FF603491">
<createdBy>rabassa</createdBy>
<createdTime>2018-03-28 16:11:50 UTC</createdTime>
<generatorID>F3A2E36D-D417-9D63-A248-A6A6C0483BCC</generatorID>
<ownerDesignName>Practica3_exempleClasse</ownerDesignName>
<engineerTo>
<item key="BD3700D9-F2BE-327A-C7F7-854992D81B33" value="true"/>
</engineerTo>
<nullsAllowed>true</nullsAllowed>
<useDomainConstraints>false</useDomainConstraints>
<use>1</use>
<logicalDatatype>LOGDT006</logicalDatatype>
<dataTypeSize>1</dataTypeSize>
<ownDataTypeParameters>1,,</ownDataTypeParameters>
</Attribute>
<Attribute name="informe" id="17F3A3E1-72F7-BA28-BB62-0E2E869F51DA">
<createdBy>rabassa</createdBy>
<createdTime>2018-03-28 16:11:50 UTC</createdTime>
<generatorID>81481FA0-D14B-ACB5-F153-F9C187A94F7E</generatorID>
<ownerDesignName>Practica3_exempleClasse</ownerDesignName>
<engineerTo>
<item key="BD3700D9-F2BE-327A-C7F7-854992D81B33" value="true"/>
</engineerTo>
<nullsAllowed>true</nullsAllowed>
<useDomainConstraints>false</useDomainConstraints>
<use>1</use>
<logicalDatatype>LOGDT024</logicalDatatype>
<dataTypeSize>500</dataTypeSize>
<ownDataTypeParameters>500,,</ownDataTypeParameters>
</Attribute>
</attributes>
<identifiers itemClass="oracle.dbtools.crest.model.design.logical.CandidateKey">
<identifier id="E03FBB43-F5DA-C30D-5E4A-E487C274FE31" name="PK SINISTRE">
<createdBy>rabassa</createdBy>
<createdTime>2018-03-28 16:11:50 UTC</createdTime>
<generatorID>DB74D54C-8C1F-802E-59C9-FB6E0BE6FD73</generatorID>
<ownerDesignName>Practica3_exempleClasse</ownerDesignName>
<engineerTo>
<item key="BD3700D9-F2BE-327A-C7F7-854992D81B33" value="true"/>
</engineerTo>
<pk>true</pk>
<usedAttributes>
<attributeRef>245BBE47-9128-8879-7BCC-5934775C6BB9</attributeRef>
</usedAttributes>
</identifier>
</identifiers>
</Entity>