<?xml version = '1.0' encoding = 'UTF-8'?>
<Entity class="oracle.dbtools.crest.model.design.logical.Entity" directorySegmentName="seg_0" id="AF53837F-1CE2-A8F2-AE07-CE31B69D972E" name="COTXE">
<createdBy>rabassa</createdBy>
<createdTime>2018-03-28 16:11:50 UTC</createdTime>
<generatorID>93AA6101-122F-2983-3A2A-C8C386E3EBB7</generatorID>
<ownerDesignName>Practica3_exempleClasse</ownerDesignName>
<engineerTo>
<item key="BD3700D9-F2BE-327A-C7F7-854992D81B33" value="true"/>
</engineerTo>
<adequatelyNormalized>NO</adequatelyNormalized>
<expectedVolumes>0</expectedVolumes>
<fwdEngineeringStrategyName>Single Table</fwdEngineeringStrategyName>
<growthPercent>0</growthPercent>
<growthType>Year</growthType>
<maxVolumes>9999999</maxVolumes>
<minVolumes>0</minVolumes>
<normalForm>Third</normalForm>
<attributes itemClass="oracle.dbtools.crest.model.design.logical.Attribute">
<Attribute name="id cotxe" id="65499E83-6CF3-6BA3-20E9-8BFC6F0E9451">
<createdBy>rabassa</createdBy>
<createdTime>2018-03-28 16:11:50 UTC</createdTime>
<generatorID>CCAC15B7-13A3-D313-1888-3E75DD7D8F65</generatorID>
<ownerDesignName>Practica3_exempleClasse</ownerDesignName>
<engineerTo>
<item key="BD3700D9-F2BE-327A-C7F7-854992D81B33" value="true"/>
</engineerTo>
<useDomainConstraints>false</useDomainConstraints>
<use>1</use>
<logicalDatatype>LOGDT025</logicalDatatype>
<dataTypeSize>7</dataTypeSize>
<ownDataTypeParameters>7,,</ownDataTypeParameters>
</Attribute>
<Attribute name="matrícula" id="1D385F35-1A63-5394-25F5-D59C39055483">
<createdBy>rabassa</createdBy>
<createdTime>2018-03-28 16:11:50 UTC</createdTime>
<generatorID>65520090-A26C-BD9C-B9EB-131E08A279EA</generatorID>
<ownerDesignName>Practica3_exempleClasse</ownerDesignName>
<engineerTo>
<item key="BD3700D9-F2BE-327A-C7F7-854992D81B33" value="true"/>
</engineerTo>
<useDomainConstraints>false</useDomainConstraints>
<use>1</use>
<logicalDatatype>LOGDT024</logicalDatatype>
<dataTypeSize>10</dataTypeSize>
<ownDataTypeParameters>10,,</ownDataTypeParameters>
</Attribute>
<Attribute name="data matriculació" id="CC166078-1830-2F89-DB46-3800D9D55C5E">
<createdBy>rabassa</createdBy>
<createdTime>2018-03-28 16:11:50 UTC</createdTime>
<generatorID>8A968B68-1043-D8EE-7BC0-F2B9865B487F</generatorID>
<ownerDesignName>Practica3_exempleClasse</ownerDesignName>
<engineerTo>
<item key="BD3700D9-F2BE-327A-C7F7-854992D81B33" value="true"/>
</engineerTo>
<nullsAllowed>true</nullsAllowed>
<useDomainConstraints>false</useDomainConstraints>
<use>1</use>
<logicalDatatype>LOGDT007</logicalDatatype>
<ownDataTypeParameters>,,</ownDataTypeParameters>
</Attribute>
<Attribute name="places" id="15EF40A2-8A02-C802-F68D-76B417800B69">
<createdBy>rabassa</createdBy>
<createdTime>2018-03-28 16:11:50 UTC</createdTime>
<generatorID>4EC67C70-E1D0-5495-351E-D44103807810</generatorID>
<ownerDesignName>Practica3_exempleClasse</ownerDesignName>
<engineerTo>
<item key="BD3700D9-F2BE-327A-C7F7-854992D81B33" value="true"/>
</engineerTo>
<nullsAllowed>true</nullsAllowed>
<useDomainConstraints>false</useDomainConstraints>
<use>1</use>
<logicalDatatype>LOGDT011</logicalDatatype>
<ownDataTypeParameters>,,</ownDataTypeParameters>
</Attribute>
<Attribute name="servei public" id="18F2F541-A177-1E6B-2176-AA0DFD2057A1">
<createdBy>rabassa</createdBy>
<createdTime>2018-03-28 16:11:50 UTC</createdTime>
<generatorID>E105A2BD-A67F-D151-6799-0F5842CFDCF7</generatorID>
<ownerDesignName>Practica3_exempleClasse</ownerDesignName>
<engineerTo>
<item key="BD3700D9-F2BE-327A-C7F7-854992D81B33" value="true"/>
</engineerTo>
<nullsAllowed>true</nullsAllowed>
<useDomainConstraints>false</useDomainConstraints>
<use>1</use>
<logicalDatatype>LOGDT006</logicalDatatype>
<dataTypeSize>1</dataTypeSize>
<ownDataTypeParameters>1,,</ownDataTypeParameters>
</Attribute>
<Attribute name="nif" id="191379E5-0EE5-DDD8-2BB2-ED8D60A1C899">
<createdBy>rabassa</createdBy>
<createdTime>2018-03-28 16:16:56 UTC</createdTime>
<generatorID>F1CA5B40-A6BA-D675-4F63-3F93A9028B7E</generatorID>
<ownerDesignName>Practica3_exempleClasse</ownerDesignName>
<engineerTo>
<item key="BD3700D9-F2BE-327A-C7F7-854992D81B33" value="true"/>
</engineerTo>
<referedAttribute>0F3F16DF-1417-EE48-AB9F-5F3B9D4A527F</referedAttribute>
<useDomainConstraints>false</useDomainConstraints>
<use>1</use>
<logicalDatatype>LOGDT025</logicalDatatype>
<dataTypeSize>9</dataTypeSize>
<ownDataTypeParameters>9,,</ownDataTypeParameters>
</Attribute>
</attributes>
<identifiers itemClass="oracle.dbtools.crest.model.design.logical.CandidateKey">
<identifier id="157D4698-9EAE-D48D-7CC1-43857A77C5C4" name="PK COTXE">
<createdBy>rabassa</createdBy>
<createdTime>2018-03-28 16:11:50 UTC</createdTime>
<generatorID>8DBF72FC-777A-F602-8E8A-0E174956405D</generatorID>
<ownerDesignName>Practica3_exempleClasse</ownerDesignName>
<engineerTo>
<item key="BD3700D9-F2BE-327A-C7F7-854992D81B33" value="true"/>
</engineerTo>
<pk>true</pk>
<usedAttributes>
<attributeRef>65499E83-6CF3-6BA3-20E9-8BFC6F0E9451</attributeRef>
</usedAttributes>
</identifier>
<identifier id="BA2835FC-250A-F568-F2F2-D726B106BFB1" name="UN COTXE matrícula">
<createdBy>rabassa</createdBy>
<createdTime>2018-03-28 16:11:50 UTC</createdTime>
<generatorID>7F27DA07-7AD0-3DE3-A169-E3D9BA838BCB</generatorID>
<ownerDesignName>Practica3_exempleClasse</ownerDesignName>
<engineerTo>
<item key="BD3700D9-F2BE-327A-C7F7-854992D81B33" value="true"/>
</engineerTo>
<usedAttributes>
<attributeRef>1D385F35-1A63-5394-25F5-D59C39055483</attributeRef>
</usedAttributes>
</identifier>
</identifiers>
</Entity>