<?xml version = '1.0' encoding = 'UTF-8'?>
<Entity class="oracle.dbtools.crest.model.design.logical.Entity" directorySegmentName="seg_0" id="D903F26A-CE74-5D7F-8463-D3245EC2E217" name="PROPIETARI">
<createdBy>rabassa</createdBy>
<createdTime>2018-03-28 16:11:50 UTC</createdTime>
<generatorID>D2F68F96-75D7-94DB-01BC-F7503EB759B8</generatorID>
<ownerDesignName>Practica3_exempleClasse</ownerDesignName>
<engineerTo>
<item key="BD3700D9-F2BE-327A-C7F7-854992D81B33" value="true"/>
</engineerTo>
<adequatelyNormalized>NO</adequatelyNormalized>
<expectedVolumes>0</expectedVolumes>
<fwdEngineeringStrategyName>Single Table</fwdEngineeringStrategyName>
<growthPercent>0</growthPercent>
<growthType>Year</growthType>
<maxVolumes>9999999</maxVolumes>
<minVolumes>0</minVolumes>
<normalForm>Third</normalForm>
<attributes itemClass="oracle.dbtools.crest.model.design.logical.Attribute">
<Attribute name="nif" id="0F3F16DF-1417-EE48-AB9F-5F3B9D4A527F">
<createdBy>rabassa</createdBy>
<createdTime>2018-03-28 16:11:50 UTC</createdTime>
<generatorID>4977B302-587B-D356-3641-3EC42F39AF2C</generatorID>
<ownerDesignName>Practica3_exempleClasse</ownerDesignName>
<engineerTo>
<item key="BD3700D9-F2BE-327A-C7F7-854992D81B33" value="true"/>
</engineerTo>
<useDomainConstraints>false</useDomainConstraints>
<use>1</use>
<logicalDatatype>LOGDT025</logicalDatatype>
<dataTypeSize>9</dataTypeSize>
<ownDataTypeParameters>9,,</ownDataTypeParameters>
</Attribute>
<Attribute name="nom" id="6D5DDD21-126D-4DC7-9E41-B8ABC0967539">
<createdBy>rabassa</createdBy>
<createdTime>2018-03-28 16:11:50 UTC</createdTime>
<generatorID>E66A6764-2945-6B7E-F12C-0B13EADD5DED</generatorID>
<ownerDesignName>Practica3_exempleClasse</ownerDesignName>
<engineerTo>
<item key="BD3700D9-F2BE-327A-C7F7-854992D81B33" value="true"/>
</engineerTo>
<nullsAllowed>true</nullsAllowed>
<useDomainConstraints>false</useDomainConstraints>
<use>1</use>
<logicalDatatype>LOGDT024</logicalDatatype>
<dataTypeSize>50</dataTypeSize>
<ownDataTypeParameters>50,,</ownDataTypeParameters>
</Attribute>
<Attribute name="cognom 1" id="9C052722-8B5B-93FD-6CF4-CB823AB4B66C">
<createdBy>rabassa</createdBy>
<createdTime>2018-03-28 16:11:50 UTC</createdTime>
<generatorID>208578BD-9024-5ECD-F4C0-E8D2325AEB82</generatorID>
<ownerDesignName>Practica3_exempleClasse</ownerDesignName>
<engineerTo>
<item key="BD3700D9-F2BE-327A-C7F7-854992D81B33" value="true"/>
</engineerTo>
<nullsAllowed>true</nullsAllowed>
<useDomainConstraints>false</useDomainConstraints>
<use>1</use>
<logicalDatatype>LOGDT024</logicalDatatype>
<dataTypeSize>50</dataTypeSize>
<ownDataTypeParameters>50,,</ownDataTypeParameters>
</Attribute>
<Attribute name="cognom 2" id="82A10E65-E3EE-F3C0-6028-276385A06DDB">
<createdBy>rabassa</createdBy>
<createdTime>2018-03-28 16:11:50 UTC</createdTime>
<generatorID>AD6A4122-A7C6-1C91-BE49-319B7895D384</generatorID>
<ownerDesignName>Practica3_exempleClasse</ownerDesignName>
<engineerTo>
<item key="BD3700D9-F2BE-327A-C7F7-854992D81B33" value="true"/>
</engineerTo>
<nullsAllowed>true</nullsAllowed>
<useDomainConstraints>false</useDomainConstraints>
<use>1</use>
<logicalDatatype>LOGDT024</logicalDatatype>
<dataTypeSize>50</dataTypeSize>
<ownDataTypeParameters>50,,</ownDataTypeParameters>
</Attribute>
</attributes>
<identifiers itemClass="oracle.dbtools.crest.model.design.logical.CandidateKey">
<identifier id="A7956D20-4AE0-D2AC-D6EA-2BD5DFEF5A93" name="PK PROPIETARI">
<createdBy>rabassa</createdBy>
<createdTime>2018-03-28 16:11:50 UTC</createdTime>
<generatorID>5840E209-2451-63FC-3B59-97C9A8254481</generatorID>
<ownerDesignName>Practica3_exempleClasse</ownerDesignName>
<shouldEngineer>false</shouldEngineer>
<engineerTo>
<item key="BD3700D9-F2BE-327A-C7F7-854992D81B33" value="false"/>
</engineerTo>
<pk>true</pk>
<usedAttributes>
<attributeRef>0F3F16DF-1417-EE48-AB9F-5F3B9D4A527F</attributeRef>
</usedAttributes>
</identifier>
</identifiers>
</Entity>