<?xml version = '1.0' encoding = 'UTF-8'?>
<Diagram class="oracle.dbtools.crest.swingui.logical.DPVLogical" name="Logical" id="B43CAA92-969A-4B0C-FAF4-3B239D19FD4F">
<createdBy>rabassa</createdBy>
<modifiedBy>rabassa</modifiedBy>
<createdTime>2017-11-22 17:07:21 UTC</createdTime>
<autoRoute>false</autoRoute>
<boxInbox>true</boxInbox>
<showLegend>false</showLegend>
<showLabels>true</showLabels>
<showRelAttributes>false</showRelAttributes>
<gridEnabled>false</gridEnabled>
<showGrid>false</showGrid>
<diagramColor>-1</diagramColor>
<display>false</display>
<notation>1</notation>
<objectViews>
<OView class="oracle.dbtools.crest.swingui.logical.TVEntity" oid="A749C638-6541-56CA-5DE6-1D931855450D" otype="Entity" vid="B55FEE3E-968F-42FA-B1B2-0A1ED475F4F5">
<hideElementsInCurrentOnly>false</hideElementsInCurrentOnly>
<bounds x="92" y="346" width="200" height="116"/>
</OView>
<OView class="oracle.dbtools.crest.swingui.logical.TVEntity" oid="AF53837F-1CE2-A8F2-AE07-CE31B69D972E" otype="Entity" vid="7C33A60E-4E8B-336A-D647-419D5096271D">
<hideElementsInCurrentOnly>false</hideElementsInCurrentOnly>
<bounds x="82" y="49" width="222" height="164"/>
</OView>
<OView class="oracle.dbtools.crest.swingui.logical.TVEntity" oid="D903F26A-CE74-5D7F-8463-D3245EC2E217" otype="Entity" vid="CA1953D4-3FE3-D070-17D5-D27D6BCF325B">
<hideElementsInCurrentOnly>false</hideElementsInCurrentOnly>
<bounds x="613" y="55" width="186" height="102"/>
</OView>
</objectViews>
<connectors>
<Connector class="oracle.dbtools.crest.swingui.logical.TVRelation" oid="D37A1DEB-64F2-2DA7-BF79-6463FAD2EA94" otype="Relation" vid_source="7C33A60E-4E8B-336A-D647-419D5096271D" vid_target="B55FEE3E-968F-42FA-B1B2-0A1ED475F4F5">
<hideElementsInCurrentOnly>false</hideElementsInCurrentOnly>
<backgroundColor>-16777216</backgroundColor>
<lineWidth>1</lineWidth>
<sourceLabel class="oracle.dbtools.crest.model.design.Label">
<site>0</site>
<labelBounds x="202" y="251" width="78" height="32"/>
<noBackgroundColor>true</noBackgroundColor>
<noForegroundColor>true</noForegroundColor>
</sourceLabel>
<targetLabel class="oracle.dbtools.crest.model.design.Label">
<site>2</site>
<labelBounds x="202" y="310" width="59" height="30"/>
<noBackgroundColor>true</noBackgroundColor>
<noForegroundColor>true</noForegroundColor>
</targetLabel>
<points>
<point x="202" y="213"/>
<point x="202" y="346"/>
</points>
</Connector>
<Connector class="oracle.dbtools.crest.swingui.logical.TVRelation" oid="F1CA5B40-A6BA-D675-4F63-3F93A9028B7E" otype="Relation" vid_source="7C33A60E-4E8B-336A-D647-419D5096271D" vid_target="CA1953D4-3FE3-D070-17D5-D27D6BCF325B">
<hideElementsInCurrentOnly>false</hideElementsInCurrentOnly>
<backgroundColor>-16777216</backgroundColor>
<lineWidth>1</lineWidth>
<sourceLabel class="oracle.dbtools.crest.model.design.Label">
<site>0</site>
<labelBounds x="314" y="76" width="70" height="30"/>
<noBackgroundColor>true</noBackgroundColor>
<noForegroundColor>true</noForegroundColor>
</sourceLabel>
<targetLabel class="oracle.dbtools.crest.model.design.Label">
<site>2</site>
<labelBounds x="534" y="109" width="73" height="30"/>
<noBackgroundColor>true</noBackgroundColor>
<noForegroundColor>true</noForegroundColor>
</targetLabel>
<points>
<point x="304" y="106"/>
<point x="613" y="106"/>
</points>
</Connector>
</connectors>
</Diagram>