<?xml version = '1.0' encoding = 'UTF-8'?>
<FKIndexAssociation class="oracle.dbtools.crest.model.design.relational.FKIndexAssociation" directorySegmentName="seg_0" id="978077A1-C6BD-933B-3DCD-0AB65F71776B" containerWithKeyObject="93AA6101-122F-2983-3A2A-C8C386E3EBB7" localFKIndex="EEF8E862-083E-9374-C523-5FF0987BF87D" name="FK_COTXE">
<createdBy>rabassa</createdBy>
<createdTime>2018-03-28 16:22:38 UTC</createdTime>
<generatorID>F1CA5B40-A6BA-D675-4F63-3F93A9028B7E</generatorID>
<ownerDesignName>Practica3_exempleClasse</ownerDesignName>
<referredTableLongName>PROPIETARI</referredTableLongName>
<deleteRule>NO ACTION</deleteRule>
<referredTableID>D2F68F96-75D7-94DB-01BC-F7503EB759B8</referredTableID>
<keyObject>5840E209-2451-63FC-3B59-97C9A8254481</keyObject>
<referredKeyID>5840E209-2451-63FC-3B59-97C9A8254481</referredKeyID>
<mandatory>true</mandatory>
<refColNames>nif</refColNames>
<transferable>true</transferable>
<rely>false</rely>
<columnDependencyConstraintGenerateInDDL>true</columnDependencyConstraintGenerateInDDL>
</FKIndexAssociation>