<?xml version = '1.0' encoding = 'UTF-8'?>
<FKIndexAssociation class="oracle.dbtools.crest.model.design.relational.FKIndexAssociation" directorySegmentName="seg_0" id="98227F7C-858C-802D-46AB-C5E689186789" containerWithKeyObject="E02889BC-0EB6-1B4C-321E-08EF5605139C" localFKIndex="E2F66FA8-6A55-29A1-D5E7-7FB1E325F0E0" name="FK_involucrar">
<createdBy>rabassa</createdBy>
<createdTime>2018-03-28 16:22:38 UTC</createdTime>
<generatorID>D37A1DEB-64F2-2DA7-BF79-6463FAD2EA94</generatorID>
<ownerDesignName>Practica3_exempleClasse</ownerDesignName>
<referredTableLongName>COTXE</referredTableLongName>
<deleteRule>NO ACTION</deleteRule>
<referredTableID>93AA6101-122F-2983-3A2A-C8C386E3EBB7</referredTableID>
<keyObject>8DBF72FC-777A-F602-8E8A-0E174956405D</keyObject>
<referredKeyID>8DBF72FC-777A-F602-8E8A-0E174956405D</referredKeyID>
<mandatory>true</mandatory>
<refColNames>id_cotxe</refColNames>
<transferable>true</transferable>
<rely>false</rely>
<columnDependencyConstraintGenerateInDDL>true</columnDependencyConstraintGenerateInDDL>
</FKIndexAssociation>