<?xml version = '1.0' encoding = 'UTF-8'?>
<FKIndexAssociation class="oracle.dbtools.crest.model.design.relational.FKIndexAssociation" directorySegmentName="seg_0" id="A038D4E0-5262-CE68-9412-448BE4E3EBDB" containerWithKeyObject="E02889BC-0EB6-1B4C-321E-08EF5605139C" localFKIndex="B4B592F1-DFB5-47B1-FF47-B285D95351EB" name="FK_involucrarv1">
<createdBy>rabassa</createdBy>
<createdTime>2018-03-28 16:22:38 UTC</createdTime>
<generatorID>D37A1DEB-64F2-2DA7-BF79-6463FAD2EA94</generatorID>
<ownerDesignName>Practica3_exempleClasse</ownerDesignName>
<referredTableLongName>SINISTRE</referredTableLongName>
<deleteRule>NO ACTION</deleteRule>
<referredTableID>7541729C-60B3-FB49-55D0-9EEF5523C1AF</referredTableID>
<keyObject>DB74D54C-8C1F-802E-59C9-FB6E0BE6FD73</keyObject>
<referredKeyID>DB74D54C-8C1F-802E-59C9-FB6E0BE6FD73</referredKeyID>
<mandatory>true</mandatory>
<refColNames>id_sinistre</refColNames>
<transferable>true</transferable>
<rely>false</rely>
<columnDependencyConstraintGenerateInDDL>true</columnDependencyConstraintGenerateInDDL>
</FKIndexAssociation>