<?xml version = '1.0' encoding = 'UTF-8'?>
<Relation class="oracle.dbtools.crest.model.design.logical.Relation" name="involucrar" directorySegmentName="seg_0" id="D37A1DEB-64F2-2DA7-BF79-6463FAD2EA94">
<createdBy>rabassa</createdBy>
<createdTime>2018-03-28 16:21:24 UTC</createdTime>
<ownerDesignName>Practica3_exempleClasse</ownerDesignName>
<engineerTo>
<item key="BD3700D9-F2BE-327A-C7F7-854992D81B33" value="true"/>
</engineerTo>
<identifying>false</identifying>
<nameOnSource>és involucrat</nameOnSource>
<nameOnTarget>involucra</nameOnTarget>
<optionalSource>true</optionalSource>
<optionalTarget>false</optionalTarget>
<sourceCardinality>*</sourceCardinality>
<sourceEntity>AF53837F-1CE2-A8F2-AE07-CE31B69D972E</sourceEntity>
<targetCardinalityString>*</targetCardinalityString>
<targetEntity>A749C638-6541-56CA-5DE6-1D931855450D</targetEntity>
<transferable>true</transferable>
<deleteRule>NO ACTION</deleteRule>
</Relation>