<?xml version = '1.0' encoding = 'UTF-8'?>
<Relation class="oracle.dbtools.crest.model.design.logical.Relation" name="propietat" directorySegmentName="seg_0" id="F1CA5B40-A6BA-D675-4F63-3F93A9028B7E">
<createdBy>rabassa</createdBy>
<createdTime>2018-03-28 16:15:53 UTC</createdTime>
<ownerDesignName>Practica3_exempleClasse</ownerDesignName>
<engineerTo>
<item key="BD3700D9-F2BE-327A-C7F7-854992D81B33" value="true"/>
</engineerTo>
<sourcePk>157D4698-9EAE-D48D-7CC1-43857A77C5C4</sourcePk>
<targetPk>A7956D20-4AE0-D2AC-D6EA-2BD5DFEF5A93</targetPk>
<identifying>false</identifying>
<nameOnSource>es_propietat</nameOnSource>
<nameOnTarget>es_propietari</nameOnTarget>
<optionalSource>false</optionalSource>
<optionalTarget>false</optionalTarget>
<sourceCardinality>*</sourceCardinality>
<sourceEntity>AF53837F-1CE2-A8F2-AE07-CE31B69D972E</sourceEntity>
<targetCardinalityString>1</targetCardinalityString>
<targetEntity>D903F26A-CE74-5D7F-8463-D3245EC2E217</targetEntity>
<transferable>true</transferable>
<deleteRule>NO ACTION</deleteRule>
</Relation>