<?xml version = '1.0' encoding = 'UTF-8'?>
<Table class="oracle.dbtools.crest.model.design.relational.Table" directorySegmentName="seg_0" id="7541729C-60B3-FB49-55D0-9EEF5523C1AF" name="SINISTRE">
<createdBy>rabassa</createdBy>
<createdTime>2017-11-22 10:39:01 UTC</createdTime>
<generatorID>E68E2E1B-BDC6-ACCD-8958-E2FD9C567E44</generatorID>
<ownerDesignName>Practica3_exempleClasse</ownerDesignName>
<allowColumnReorder>false</allowColumnReorder>
<existDependencyGenerateInDDl>true</existDependencyGenerateInDDl>
<parsed>true</parsed>
<columns itemClass="oracle.dbtools.crest.model.design.relational.Column">
<Column name="id_sinistre" id="F2286933-B99B-EF7B-DD85-83BD149B02B2">
<createdBy>rabassa</createdBy>
<createdTime>2017-11-22 10:39:01 UTC</createdTime>
<generatorID>BD6A5B18-8485-2EEF-0D71-F875CE9E6563</generatorID>
<ownerDesignName>Practica3_exempleClasse</ownerDesignName>
<useDomainConstraints>false</useDomainConstraints>
<use>1</use>
<logicalDatatype>LOGDT025</logicalDatatype>
<dataTypeSize>7</dataTypeSize>
<ownDataTypeParameters>7,,</ownDataTypeParameters>
<autoIncrementCycle>false</autoIncrementCycle>
</Column>
<Column name="data_sinistre" id="FAADDB38-03A5-C38F-DCD7-8DF1DBF741CB">
<createdBy>rabassa</createdBy>
<createdTime>2017-11-22 10:39:01 UTC</createdTime>
<generatorID>D10BDEF4-401F-14A4-174B-83E1274B631E</generatorID>
<ownerDesignName>Practica3_exempleClasse</ownerDesignName>
<nullsAllowed>true</nullsAllowed>
<useDomainConstraints>false</useDomainConstraints>
<use>1</use>
<logicalDatatype>LOGDT007</logicalDatatype>
<ownDataTypeParameters>,,</ownDataTypeParameters>
<autoIncrementCycle>false</autoIncrementCycle>
</Column>
<Column name="lloc_sinistre" id="645FA1FF-F567-FA83-E02F-655B30653470">
<createdBy>rabassa</createdBy>
<createdTime>2017-11-22 10:39:01 UTC</createdTime>
<generatorID>C48746BA-2DA4-4A1A-5357-0971F2288631</generatorID>
<ownerDesignName>Practica3_exempleClasse</ownerDesignName>
<nullsAllowed>true</nullsAllowed>
<useDomainConstraints>false</useDomainConstraints>
<use>1</use>
<logicalDatatype>LOGDT024</logicalDatatype>
<dataTypeSize>100</dataTypeSize>
<ownDataTypeParameters>100,,</ownDataTypeParameters>
<autoIncrementCycle>false</autoIncrementCycle>
</Column>
<Column name="victimes" id="F3A2E36D-D417-9D63-A248-A6A6C0483BCC">
<createdBy>rabassa</createdBy>
<createdTime>2017-11-22 10:39:01 UTC</createdTime>
<generatorID>EED5AFE7-596C-E4B0-ADE1-6DB1A48E0A86</generatorID>
<ownerDesignName>Practica3_exempleClasse</ownerDesignName>
<nullsAllowed>true</nullsAllowed>
<useDomainConstraints>false</useDomainConstraints>
<use>1</use>
<logicalDatatype>LOGDT006</logicalDatatype>
<dataTypeSize>1</dataTypeSize>
<ownDataTypeParameters>1,,</ownDataTypeParameters>
<autoIncrementCycle>false</autoIncrementCycle>
</Column>
<Column name="informe" id="81481FA0-D14B-ACB5-F153-F9C187A94F7E">
<createdBy>rabassa</createdBy>
<createdTime>2017-11-22 10:39:01 UTC</createdTime>
<generatorID>563D0E53-FAE2-A13D-3B48-50B06D345ED7</generatorID>
<ownerDesignName>Practica3_exempleClasse</ownerDesignName>
<nullsAllowed>true</nullsAllowed>
<useDomainConstraints>false</useDomainConstraints>
<use>1</use>
<logicalDatatype>LOGDT024</logicalDatatype>
<dataTypeSize>500</dataTypeSize>
<ownDataTypeParameters>500,,</ownDataTypeParameters>
<autoIncrementCycle>false</autoIncrementCycle>
</Column>
</columns>
<indexes itemClass="oracle.dbtools.crest.model.design.relational.Index">
<ind_PK_UK id="DB74D54C-8C1F-802E-59C9-FB6E0BE6FD73" name="PK_SINISTRE">
<createdBy>rabassa</createdBy>
<createdTime>2017-11-22 10:39:01 UTC</createdTime>
<generatorID>463C6922-999C-AD22-B959-2679547FB47B</generatorID>
<ownerDesignName>Practica3_exempleClasse</ownerDesignName>
<pk>true</pk>
<indexState>Primary Constraint</indexState>
<isSurrogateKey>false</isSurrogateKey>
<indexColumnUsage>
<colUsage columnID="F2286933-B99B-EF7B-DD85-83BD149B02B2"/>
</indexColumnUsage>
</ind_PK_UK>
</indexes>
</Table>