<?xml version = '1.0' encoding = 'UTF-8'?>
<Table class="oracle.dbtools.crest.model.design.relational.Table" directorySegmentName="seg_0" id="93AA6101-122F-2983-3A2A-C8C386E3EBB7" name="COTXE">
<createdBy>rabassa</createdBy>
<createdTime>2017-11-22 10:39:01 UTC</createdTime>
<generatorID>5E0EFDE3-88DF-8A70-EC96-5776306C59A7</generatorID>
<ownerDesignName>Practica3_exempleClasse</ownerDesignName>
<allowColumnReorder>false</allowColumnReorder>
<existDependencyGenerateInDDl>true</existDependencyGenerateInDDl>
<parsed>true</parsed>
<columns itemClass="oracle.dbtools.crest.model.design.relational.Column">
<Column name="id_cotxe" id="CCAC15B7-13A3-D313-1888-3E75DD7D8F65">
<createdBy>rabassa</createdBy>
<createdTime>2017-11-22 10:39:01 UTC</createdTime>
<generatorID>EF6ECEFC-F033-4896-E097-9C9BFDA89F97</generatorID>
<ownerDesignName>Practica3_exempleClasse</ownerDesignName>
<useDomainConstraints>false</useDomainConstraints>
<use>1</use>
<logicalDatatype>LOGDT025</logicalDatatype>
<dataTypeSize>7</dataTypeSize>
<ownDataTypeParameters>7,,</ownDataTypeParameters>
<autoIncrementCycle>false</autoIncrementCycle>
</Column>
<Column name="matrícula" id="65520090-A26C-BD9C-B9EB-131E08A279EA">
<createdBy>rabassa</createdBy>
<createdTime>2017-11-22 10:39:01 UTC</createdTime>
<generatorID>068C3F5D-35D8-BC26-58CC-AAEEEC80A89C</generatorID>
<ownerDesignName>Practica3_exempleClasse</ownerDesignName>
<useDomainConstraints>false</useDomainConstraints>
<use>1</use>
<logicalDatatype>LOGDT024</logicalDatatype>
<dataTypeSize>10</dataTypeSize>
<ownDataTypeParameters>10,,</ownDataTypeParameters>
<autoIncrementCycle>false</autoIncrementCycle>
</Column>
<Column name="data_matriculació" id="8A968B68-1043-D8EE-7BC0-F2B9865B487F">
<createdBy>rabassa</createdBy>
<createdTime>2017-11-22 10:39:01 UTC</createdTime>
<generatorID>9F7C5443-88BB-D0EB-2AC6-12F304C9F9E9</generatorID>
<ownerDesignName>Practica3_exempleClasse</ownerDesignName>
<nullsAllowed>true</nullsAllowed>
<useDomainConstraints>false</useDomainConstraints>
<use>1</use>
<logicalDatatype>LOGDT007</logicalDatatype>
<ownDataTypeParameters>,,</ownDataTypeParameters>
<autoIncrementCycle>false</autoIncrementCycle>
</Column>
<Column name="places" id="4EC67C70-E1D0-5495-351E-D44103807810">
<createdBy>rabassa</createdBy>
<createdTime>2017-11-22 10:39:01 UTC</createdTime>
<generatorID>199E2300-781C-10A4-A42B-674C845683E8</generatorID>
<ownerDesignName>Practica3_exempleClasse</ownerDesignName>
<nullsAllowed>true</nullsAllowed>
<useDomainConstraints>false</useDomainConstraints>
<use>1</use>
<logicalDatatype>LOGDT011</logicalDatatype>
<ownDataTypeParameters>,,</ownDataTypeParameters>
<autoIncrementCycle>false</autoIncrementCycle>
</Column>
<Column name="servei_public" id="E105A2BD-A67F-D151-6799-0F5842CFDCF7">
<createdBy>rabassa</createdBy>
<createdTime>2017-11-22 10:39:01 UTC</createdTime>
<generatorID>BABB0B1E-93CB-524A-79EA-B94D3716855B</generatorID>
<ownerDesignName>Practica3_exempleClasse</ownerDesignName>
<nullsAllowed>true</nullsAllowed>
<useDomainConstraints>false</useDomainConstraints>
<use>1</use>
<logicalDatatype>LOGDT006</logicalDatatype>
<dataTypeSize>1</dataTypeSize>
<ownDataTypeParameters>1,,</ownDataTypeParameters>
<autoIncrementCycle>false</autoIncrementCycle>
</Column>
<Column name="nif" id="2D167442-FCA7-46EE-4BF2-695A5E3CF52F">
<createdBy>rabassa</createdBy>
<createdTime>2018-03-28 16:22:38 UTC</createdTime>
<generatorID>191379E5-0EE5-DDD8-2BB2-ED8D60A1C899</generatorID>
<ownerDesignName>Practica3_exempleClasse</ownerDesignName>
<useDomainConstraints>false</useDomainConstraints>
<use>1</use>
<logicalDatatype>LOGDT025</logicalDatatype>
<dataTypeSize>9</dataTypeSize>
<ownDataTypeParameters>9,,</ownDataTypeParameters>
<previousColumn>false</previousColumn>
<autoIncrementCycle>false</autoIncrementCycle>
<associations>
<colAssociation fkAssociation="978077A1-C6BD-933B-3DCD-0AB65F71776B" referredColumn="4977B302-587B-D356-3641-3EC42F39AF2C"/>
</associations>
</Column>
</columns>
<indexes itemClass="oracle.dbtools.crest.model.design.relational.Index">
<ind_PK_UK id="8DBF72FC-777A-F602-8E8A-0E174956405D" name="PK_COTXE">
<createdBy>rabassa</createdBy>
<createdTime>2017-11-22 10:39:01 UTC</createdTime>
<generatorID>792B610A-DEA0-AE97-DAB0-BB18F9909A3E</generatorID>
<ownerDesignName>Practica3_exempleClasse</ownerDesignName>
<pk>true</pk>
<indexState>Primary Constraint</indexState>
<isSurrogateKey>false</isSurrogateKey>
<indexColumnUsage>
<colUsage columnID="CCAC15B7-13A3-D313-1888-3E75DD7D8F65"/>
</indexColumnUsage>
</ind_PK_UK>
<ind_PK_UK id="7F27DA07-7AD0-3DE3-A169-E3D9BA838BCB" name="UN_COTXE_matrícula">
<createdBy>rabassa</createdBy>
<createdTime>2017-11-22 10:39:01 UTC</createdTime>
<generatorID>A0BE8082-AC92-E051-C9A2-BBBC6650A75C</generatorID>
<ownerDesignName>Practica3_exempleClasse</ownerDesignName>
<indexState>Unique Constraint</indexState>
<isSurrogateKey>false</isSurrogateKey>
<indexColumnUsage>
<colUsage columnID="65520090-A26C-BD9C-B9EB-131E08A279EA"/>
</indexColumnUsage>
</ind_PK_UK>
<ind_PK_UK id="EEF8E862-083E-9374-C523-5FF0987BF87D" name="FK_COTXE">
<createdBy>rabassa</createdBy>
<createdTime>2018-03-28 16:22:38 UTC</createdTime>
<generatorID>F1CA5B40-A6BA-D675-4F63-3F93A9028B7E</generatorID>
<ownerDesignName>Practica3_exempleClasse</ownerDesignName>
<indexState>Foreign Key</indexState>
<isSurrogateKey>false</isSurrogateKey>
<indexColumnUsage>
<colUsage columnID="2D167442-FCA7-46EE-4BF2-695A5E3CF52F"/>
</indexColumnUsage>
</ind_PK_UK>
</indexes>
</Table>