<?xml version = '1.0' encoding = 'UTF-8'?>
<Table class="oracle.dbtools.crest.model.design.relational.Table" directorySegmentName="seg_0" id="D2F68F96-75D7-94DB-01BC-F7503EB759B8" name="PROPIETARI">
<createdBy>rabassa</createdBy>
<createdTime>2017-11-22 10:39:01 UTC</createdTime>
<generatorID>EB9F1F0B-8DD4-D98E-5925-904E1A009DF1</generatorID>
<ownerDesignName>Practica3_exempleClasse</ownerDesignName>
<allowColumnReorder>false</allowColumnReorder>
<existDependencyGenerateInDDl>true</existDependencyGenerateInDDl>
<parsed>true</parsed>
<columns itemClass="oracle.dbtools.crest.model.design.relational.Column">
<Column name="nif" id="4977B302-587B-D356-3641-3EC42F39AF2C">
<createdBy>rabassa</createdBy>
<createdTime>2017-11-22 10:39:01 UTC</createdTime>
<generatorID>89121384-4F00-9634-0F9F-E52A20A293C2</generatorID>
<ownerDesignName>Practica3_exempleClasse</ownerDesignName>
<useDomainConstraints>false</useDomainConstraints>
<use>1</use>
<logicalDatatype>LOGDT025</logicalDatatype>
<dataTypeSize>9</dataTypeSize>
<ownDataTypeParameters>9,,</ownDataTypeParameters>
<autoIncrementCycle>false</autoIncrementCycle>
</Column>
<Column name="nom" id="E66A6764-2945-6B7E-F12C-0B13EADD5DED">
<createdBy>rabassa</createdBy>
<createdTime>2017-11-22 10:39:01 UTC</createdTime>
<generatorID>4A73D550-A3B3-FA2E-0695-33666C360E5E</generatorID>
<ownerDesignName>Practica3_exempleClasse</ownerDesignName>
<nullsAllowed>true</nullsAllowed>
<useDomainConstraints>false</useDomainConstraints>
<use>1</use>
<logicalDatatype>LOGDT024</logicalDatatype>
<dataTypeSize>50</dataTypeSize>
<listOfValues>
<valueDef value="luxe" description=""/>
<valueDef value="semiluxe" description=""/>
</listOfValues>
<ownDataTypeParameters>50,,</ownDataTypeParameters>
<autoIncrementCycle>false</autoIncrementCycle>
</Column>
<Column name="cognom_1" id="208578BD-9024-5ECD-F4C0-E8D2325AEB82">
<createdBy>rabassa</createdBy>
<createdTime>2017-11-22 10:39:01 UTC</createdTime>
<generatorID>5A8FB805-2A01-8A6D-1881-9D2EF2C42CB0</generatorID>
<ownerDesignName>Practica3_exempleClasse</ownerDesignName>
<nullsAllowed>true</nullsAllowed>
<useDomainConstraints>false</useDomainConstraints>
<use>1</use>
<logicalDatatype>LOGDT024</logicalDatatype>
<dataTypeSize>50</dataTypeSize>
<ownDataTypeParameters>50,,</ownDataTypeParameters>
<autoIncrementCycle>false</autoIncrementCycle>
</Column>
<Column name="cognom_2" id="AD6A4122-A7C6-1C91-BE49-319B7895D384">
<createdBy>rabassa</createdBy>
<createdTime>2017-11-22 10:39:01 UTC</createdTime>
<generatorID>8F41F1FA-C418-48EE-6F05-46EDB86D2411</generatorID>
<ownerDesignName>Practica3_exempleClasse</ownerDesignName>
<nullsAllowed>true</nullsAllowed>
<useDomainConstraints>false</useDomainConstraints>
<use>1</use>
<logicalDatatype>LOGDT024</logicalDatatype>
<dataTypeSize>50</dataTypeSize>
<ownDataTypeParameters>50,,</ownDataTypeParameters>
<autoIncrementCycle>false</autoIncrementCycle>
</Column>
</columns>
<indexes itemClass="oracle.dbtools.crest.model.design.relational.Index">
<ind_PK_UK id="5840E209-2451-63FC-3B59-97C9A8254481" name="PK_PROPIETARI">
<createdBy>rabassa</createdBy>
<createdTime>2017-11-22 10:39:01 UTC</createdTime>
<generatorID>A9EC3921-4841-BBD5-3776-CB4E0369345A</generatorID>
<ownerDesignName>Practica3_exempleClasse</ownerDesignName>
<pk>true</pk>
<indexState>Primary Constraint</indexState>
<isSurrogateKey>false</isSurrogateKey>
<indexColumnUsage>
<colUsage columnID="4977B302-587B-D356-3641-3EC42F39AF2C"/>
</indexColumnUsage>
</ind_PK_UK>
</indexes>
</Table>