<?xml version = '1.0' encoding = 'UTF-8'?>
<Table class="oracle.dbtools.crest.model.design.relational.Table" directorySegmentName="seg_0" id="E02889BC-0EB6-1B4C-321E-08EF5605139C" name="involucrar">
<createdBy>rabassa</createdBy>
<createdTime>2018-03-28 16:22:38 UTC</createdTime>
<ownerDesignName>Practica3_exempleClasse</ownerDesignName>
<allowColumnReorder>false</allowColumnReorder>
<existDependencyGenerateInDDl>true</existDependencyGenerateInDDl>
<parsed>true</parsed>
<columns itemClass="oracle.dbtools.crest.model.design.relational.Column">
<Column name="id_cotxe" id="33CE7D0D-E335-236D-6F73-0359E7B812D0">
<createdBy>rabassa</createdBy>
<createdTime>2018-03-28 16:22:38 UTC</createdTime>
<ownerDesignName>Practica3_exempleClasse</ownerDesignName>
<useDomainConstraints>false</useDomainConstraints>
<use>1</use>
<logicalDatatype>LOGDT025</logicalDatatype>
<dataTypeSize>7</dataTypeSize>
<ownDataTypeParameters>7,,</ownDataTypeParameters>
<previousColumn>false</previousColumn>
<autoIncrementCycle>false</autoIncrementCycle>
<associations>
<colAssociation fkAssociation="98227F7C-858C-802D-46AB-C5E689186789" referredColumn="CCAC15B7-13A3-D313-1888-3E75DD7D8F65"/>
</associations>
</Column>
<Column name="id_sinistre" id="EE781AB1-8E8F-91C8-90BD-49ED3C8DCBA1">
<createdBy>rabassa</createdBy>
<createdTime>2018-03-28 16:22:38 UTC</createdTime>
<ownerDesignName>Practica3_exempleClasse</ownerDesignName>
<useDomainConstraints>false</useDomainConstraints>
<use>1</use>
<logicalDatatype>LOGDT025</logicalDatatype>
<dataTypeSize>7</dataTypeSize>
<ownDataTypeParameters>7,,</ownDataTypeParameters>
<previousColumn>false</previousColumn>
<autoIncrementCycle>false</autoIncrementCycle>
<associations>
<colAssociation fkAssociation="A038D4E0-5262-CE68-9412-448BE4E3EBDB" referredColumn="F2286933-B99B-EF7B-DD85-83BD149B02B2"/>
</associations>
</Column>
</columns>
<indexes itemClass="oracle.dbtools.crest.model.design.relational.Index">
<ind_PK_UK id="5B16F6CE-1D51-260D-B045-43879C15B4EC" name="PK_involucrar">
<createdBy>rabassa</createdBy>
<createdTime>2018-03-28 16:22:38 UTC</createdTime>
<ownerDesignName>Practica3_exempleClasse</ownerDesignName>
<pk>true</pk>
<indexState>Primary Constraint</indexState>
<isSurrogateKey>false</isSurrogateKey>
<indexColumnUsage>
<colUsage columnID="33CE7D0D-E335-236D-6F73-0359E7B812D0"/>
<colUsage columnID="EE781AB1-8E8F-91C8-90BD-49ED3C8DCBA1"/>
</indexColumnUsage>
</ind_PK_UK>
<ind_PK_UK id="E2F66FA8-6A55-29A1-D5E7-7FB1E325F0E0" name="FK_involucrar">
<createdBy>rabassa</createdBy>
<createdTime>2018-03-28 16:22:38 UTC</createdTime>
<generatorID>D37A1DEB-64F2-2DA7-BF79-6463FAD2EA94</generatorID>
<ownerDesignName>Practica3_exempleClasse</ownerDesignName>
<indexState>Foreign Key</indexState>
<isSurrogateKey>false</isSurrogateKey>
<indexColumnUsage>
<colUsage columnID="33CE7D0D-E335-236D-6F73-0359E7B812D0"/>
</indexColumnUsage>
</ind_PK_UK>
<ind_PK_UK id="B4B592F1-DFB5-47B1-FF47-B285D95351EB" name="FK_involucrarv1">
<createdBy>rabassa</createdBy>
<createdTime>2018-03-28 16:22:38 UTC</createdTime>
<generatorID>D37A1DEB-64F2-2DA7-BF79-6463FAD2EA94</generatorID>
<ownerDesignName>Practica3_exempleClasse</ownerDesignName>
<indexState>Foreign Key</indexState>
<isSurrogateKey>false</isSurrogateKey>
<indexColumnUsage>
<colUsage columnID="EE781AB1-8E8F-91C8-90BD-49ED3C8DCBA1"/>
</indexColumnUsage>
</ind_PK_UK>
</indexes>
</Table>