<?xml version = '1.0' encoding = 'UTF-8'?>
<relationalModel class="oracle.dbtools.crest.model.design.relational.RelationalDesign" name="Relational_1" id="BD3700D9-F2BE-327A-C7F7-854992D81B33" mainViewID="AA6FD48F-4821-F852-81C5-689659E27AA8">
<createdBy>rabassa</createdBy>
<createdTime>2017-11-22 10:37:58 UTC</createdTime>
<ownerDesignName>pràctica 3</ownerDesignName>
<shouldBeOpen>true</shouldBeOpen>
<selectedRDBMSSite>32076570-2523-435C-2E92-BF29817DFF70</selectedRDBMSSite>
</relationalModel>