<?xml version = '1.0' encoding = 'UTF-8'?>
<Diagram class="oracle.dbtools.crest.swingui.relational.DPVRelational" name="Relational_1" id="AA6FD48F-4821-F852-81C5-689659E27AA8">
<createdBy>rabassa</createdBy>
<modifiedBy>rabassa</modifiedBy>
<createdTime>2017-11-22 10:37:58 UTC</createdTime>
<autoRoute>false</autoRoute>
<boxInbox>true</boxInbox>
<showLegend>false</showLegend>
<showLabels>false</showLabels>
<showRelAttributes>false</showRelAttributes>
<gridEnabled>false</gridEnabled>
<showGrid>false</showGrid>
<diagramColor>-1</diagramColor>
<display>false</display>
<notation>1</notation>
<objectViews>
<OView class="oracle.dbtools.crest.swingui.relational.TVTable" oid="7541729C-60B3-FB49-55D0-9EEF5523C1AF" otype="Table" vid="213CFDFB-D568-0864-20AC-593158267FC2">
<hideElementsInCurrentOnly>false</hideElementsInCurrentOnly>
<bounds x="402" y="333" width="200" height="116"/>
</OView>
<OView class="oracle.dbtools.crest.swingui.relational.TVTable" oid="93AA6101-122F-2983-3A2A-C8C386E3EBB7" otype="Table" vid="BC53975D-47AA-E396-BDF5-E467E7F9AE19">
<hideElementsInCurrentOnly>false</hideElementsInCurrentOnly>
<bounds x="82" y="49" width="222" height="164"/>
</OView>
<OView class="oracle.dbtools.crest.swingui.relational.TVTable" oid="D2F68F96-75D7-94DB-01BC-F7503EB759B8" otype="Table" vid="6BBB1253-BFCF-5DD2-3FC0-8B55564BA515">
<hideElementsInCurrentOnly>false</hideElementsInCurrentOnly>
<bounds x="613" y="55" width="186" height="102"/>
</OView>
<OView class="oracle.dbtools.crest.swingui.relational.TVTable" oid="E02889BC-0EB6-1B4C-321E-08EF5605139C" otype="Table" vid="9902EFA2-27CF-4C03-52A0-DA3319CDBD3D">
<hideElementsInCurrentOnly>false</hideElementsInCurrentOnly>
<bounds x="124" y="254" width="226" height="205"/>
</OView>
</objectViews>
<connectors>
<Connector class="oracle.dbtools.crest.swingui.relational.TVFKRelation" oid="978077A1-C6BD-933B-3DCD-0AB65F71776B" otype="FKIndexAssociation" vid_source="6BBB1253-BFCF-5DD2-3FC0-8B55564BA515" vid_target="BC53975D-47AA-E396-BDF5-E467E7F9AE19">
<hideElementsInCurrentOnly>false</hideElementsInCurrentOnly>
<backgroundColor>-16777216</backgroundColor>
<lineWidth>1</lineWidth>
<points>
<point x="613" y="106"/>
<point x="304" y="106"/>
</points>
</Connector>
<Connector class="oracle.dbtools.crest.swingui.relational.TVFKRelation" oid="98227F7C-858C-802D-46AB-C5E689186789" otype="FKIndexAssociation" vid_source="BC53975D-47AA-E396-BDF5-E467E7F9AE19" vid_target="9902EFA2-27CF-4C03-52A0-DA3319CDBD3D">
<hideElementsInCurrentOnly>false</hideElementsInCurrentOnly>
<backgroundColor>-16777216</backgroundColor>
<lineWidth>1</lineWidth>
<points>
<point x="214" y="213"/>
<point x="214" y="254"/>
</points>
</Connector>
<Connector class="oracle.dbtools.crest.swingui.relational.TVFKRelation" oid="A038D4E0-5262-CE68-9412-448BE4E3EBDB" otype="FKIndexAssociation" vid_source="213CFDFB-D568-0864-20AC-593158267FC2" vid_target="9902EFA2-27CF-4C03-52A0-DA3319CDBD3D">
<hideElementsInCurrentOnly>false</hideElementsInCurrentOnly>
<backgroundColor>-16777216</backgroundColor>
<lineWidth>1</lineWidth>
<points>
<point x="402" y="391"/>
<point x="350" y="391"/>
</points>
</Connector>
</connectors>
</Diagram>